Naam bedrijf,Datum laatst gecontacteerd,Status,company_cleaned,UID
Advipro,08/08/2024,Hot prospect,advipro,PL1
Telenet,12/01/2024,Prospect,telenet,PL2
BASF,11/01/2024,Prospect,basf,PL3
Board of Innovation,x,Prospect,board of innovation,PL4
JBC - ClaesRetail,04/09/2024,Prospect,jbc  claesretail,PL5
Collectief,04/09/2024,Prospect,collectief,PL6
Torfs,05/03/2024,Prospect,torfs,PL7
ePact,29/08/2024,Prospect,epact,PL8
Whatscooking,28/08/2024,Prospect,whatscooking,PL9
Maes Industries,21/08/2024,Prospect,maes industries,PL10
Groep Maes,21/08/2024,Prospect,maes,PL11
IKEA,21/08/2024,Prospect,ikea,PL12
TPO Agency,21/08/2024,Prospect,tpo agency,PL13
Manuchar,14/08/2024,Prospect,manuchar,PL14
Gemeente Aalter,18/01/2024,Prospect,gemeente aalter,PL15
Van Lanschot,14/08/2024,Prospect,van lanschot,PL16
MobilityPlus,14/08/2024,Prospect,mobilityplus,PL17
De Vijver VZW,14/05/2024,Prospect,de vijver,PL18
ChipSoft België,20/02/2024,Prospect,chipsoft belgi,PL19
HH Global,09/08/2024,Prospect,hh global,PL20
Sereni,31/05/2024,Prospect,sereni,PL21
RecruitrLAB,14/05/2024,Prospect,recruitrlab,PL22
Carglass,26/06/2024,Klant,carglass,PL23
Pfizer Hoofdzetel België & Luxemburg,30/01/2024,Prospect,pfizer hoofdzetel belgi  luxemburg,PL24
Argenta,16/03/2023,Prospect,argenta,PL25
Spindle,23/01/2024,Prospect,spindle,PL26
Digipolitans,09/08/2024,Hot prospect,digipolitans,PL27
Insilencio,08/08/2024,Prospect,insilencio,PL28
ION,08/08/2024,Prospect,ion,PL29
NexusHealth,01/12/2023,Prospect,nexushealth,PL30
Scania Nederland,24/11/2023,Prospect,scania nederland,PL31
Drix,25/12/2023,Prospect,drix,PL32
TheValueChain Gumption,10/06/2024,Prospect,thevaluechain gumption,PL33
Goed,12/12/2023,Prospect,goed,PL34
Autajon Labels Belgium,31/10/2023,Prospect,autajon labels belgium,PL35
Tec NV,02/11/2023,Prospect,tec,PL36
Nexios IT,22/11/2023,Prospect,nexios it,PL37
Movify,27/06/2024,Prospect,movify,PL38
NMBS-SNCB,29/11/2023,Prospect,nmbssncb,PL39
Yontec NV,06/12/2023,Prospect,yontec,PL40
Era Belgium,11/12/2023,Prospect,era belgium,PL41
4P square,12/12/2023,Prospect,4p square,PL42
Motrac,12/12/2023,Prospect,motrac,PL43
Medpace,28/12/2023,Prospect,medpace,PL44
Aldi,23/05/2024,Prospect,aldi,PL45
Het Rode Kruis,08/12/2023,Prospect,het rode kruis,PL46
Savaco,08/08/2024,Klant,savaco,PL47
DSM Keukens,12/12/2023,Prospect,dsm keukens,PL48
Van den Broele,20/12/2023,Prospect,van den broele,PL49
O2O,09/01/2024,Prospect,o2o,PL50
Auto1 Group,08/08/2024,Prospect,auto1,PL51
Stad Aalst,12/01/2024,Prospect,stad aalst,PL52
O'learys,08/01/2024,Prospect,olearys,PL53
Gorilla,08/01/2024,Prospect,gorilla,PL54
Covestro,26/06/2024,Nieuwe klant,covestro,PL55
Multi Engineering,11/06/2024,Prospect,multi engineering,PL56
astara Western Europe NV,08/01/2024,Prospect,astara western europe,PL57
ABB NV,09/01/2024,Prospect,abb,PL58
3D-ICT,10/01/2024,Prospect,3dict,PL59
Febelco,31/07/2024,Klant,febelco,PL60
TriFinance,29/07/2024,Klant,trifinance,PL61
Optimile,24/07/2024,Prospect,optimile,PL62
The Belgian,17/01/2024,Prospect,the belgian,PL63
Abylsen,07/06/2024,Prospect,abylsen,PL64
Halito - Invitedesk,24/07/2024,Prospect,halito  invitedesk,PL65
Ciner Glass Belgium,15/01/2024,Prospect,ciner glass belgium,PL66
Quatra,15/01/2024,Prospect,quatra,PL67
Dynalogic,18/01/2024,Prospect,dynalogic,PL68
TecQuality,18/01/2024,Prospect,tecquality,PL69
Teach for Belgium,23/01/2024,Prospect,teach for belgium,PL70
Brand Activators,19/01/2024,Prospect,brand activators,PL71
AXA Belgium,05/06/2024,Prospect,axa belgium,PL72
Delhaize,22/07/2024,Prospect,delhaize,PL73
Lemon,19/07/2024,prospect,lemon,PL74
Lancesoft Europe,04/07/2024,Prospect,lancesoft europe,PL75
Sofico,31/01/2024,Prospect,sofico,PL76
Mext group,11/01/2024,Prospect,mext,PL77
Q Team,23/01/2024,Prospect,q team,PL78
Sligro,21/06/2024,Prospect,sligro,PL79
Lansweeper,24/01/2024,Prospect,lansweeper,PL80
Stadim,06/05/2024,Prospect,stadim,PL81
Katoen natie,05/10/2023,Prospect,katoen natie,PL82
Reynaers Aluminium,21/06/2024,Prospect,reynaers aluminium,PL83
Beko Belgium,05/12/2023,Prospect,beko belgium,PL84
VAN IN,19/06/2024,Prospect,van in,PL85
Boels Rental,11/12/2023,Prospect,boels rental,PL86
Toyota Material Handling,13/12/2023,Prospect,toyota material handling,PL87
Mensura,19/06/2024,Prospect,mensura,PL88
Lidl,08/05/2024,Prospect,lidl,PL89
IDEWE,19/06/2024,Prospect,idewe,PL90
Gilbert de Clerck,18/12/2023,Prospect,gilbert de clerck,PL91
Spacewell,21/12/2023,Prospect,spacewell,PL92
OLV Aalst,21/12/2023,Prospect,olv aalst,PL93
ACC,28/12/2023,Prospect,acc,PL94
Atlas Copco,04/01/2023,Prospect,atlas copco,PL95
Bank Van Breda,06/08/2024,Klant,bank van breda,PL96
Education First ,19/06/2024,Prospect,education first,PL97
ElmosExpert,12/01/2024,Prospect,elmosexpert,PL98
DSV,21/12/2023,Prospect,dsv,PL99
PIA Group,23/07/2024,Klant,pia,PL100
Aphea.Bio,23/08/2024,Prospect,apheabio,PL101
Conway,20/12/2023,Klant,conway,PL102
Monin-it,05/09/2024,Hot prospect,moninit,PL103
The Frontline Company BVBA,18/01/2024,Prospect,the frontline,PL104
Lannoo,10/06/2024,Prospect,lannoo,PL105
DPG Media,21/08/2024,Prospect,dpg media,PL106
TMS Industrial Services,03/01/2024,Prospect,tms industrial services,PL107
Actum Services,04/01/2024,Prospect,actum services,PL108
Agristo,05/01/2024,Prospect,agristo,PL109
Melexis,06/06/2024,Prospect,melexis,PL110
Anoa Care,05/01/2024,Prospect,anoa care,PL111
TechWolf,08/01/2024,Prospect,techwolf,PL112
Brussels Airport Company,08/01/2024,Prospect,brussels airport,PL113
Natuurpunt,08/01/2024,Prospect,natuurpunt,PL114
Verhelst Group,08/01/2024,Prospect,verhelst,PL115
Korian,09/01/2024,Prospect,korian,PL116
Yuki Visma,20/08/2024,Prospect,yuki visma,PL117
Toqua,10/01/2024,Prospect,toqua,PL118
Bakkerij Aernoudt,12/01/2024,Prospect,bakkerij aernoudt,PL119
STADSBADER CONTRACTORS BV,12/01/2024,Prospect,stadsbader contractors,PL120
USG Professionals,06/06/2024,Prospect,usg professionals,PL121
Igean Milieu & Veiligheid,16/01/2024,Prospect,igean milieu  veiligheid,PL122
Centric,16/01/2024,Prospect,centric,PL123
Verisure,08/01/2024,Prospect,verisure,PL124
Puratos,10/01/2024,Prospect,puratos,PL125
Springbok Agency,09/01/2024,Prospect,springbok agency,PL126
Soubry,15/01/2024,Prospect,soubry,PL127
threon,09/01/2024,Prospect,threon,PL128
Bayer,23/01/2024,Prospect,bayer,PL129
Bluecrux,24/04/2024,Prospect,bluecrux,PL130
Gumption Group,12/06/2024,Prospect,gumption,PL131
General MediQs,08/01/2024,Prospect,general mediqs,PL132
Xylos NV,19/04/2024,Prospect,xylos,PL133
Brainbridge,05/08/2024,Nieuwe klant,brainbridge,PL134
Oxygen,28/05/2024,Prospect,oxygen,PL135
Engie,13/05/2024,Prospect,engie,PL136
iBanFirst,08/05/2024,Prospect,ibanfirst,PL137
Keyrus,08/05/2024,Prospect,keyrus,PL138
Hyperion,25/04/2024,Prospect,hyperion,PL139
Kunnig,25/04/2024,Prospect,kunnig,PL140
Grand Vision Belgium,25/04/2024,Prospect,grand vision belgium,PL141
Van Moer Logistics,,Prospect,van moer logistics,PL142
Kreon,,Prospect,kreon,PL143
Dropsolid Digital Expercience,,Prospect,dropsolid digital expercience,PL144
Sibelga,,Prospect,sibelga,PL145
SBB Bedrijfsdiensten,,Prospect,sbb bedrijfsdiensten,PL146
Update-pro,,Prospect,updatepro,PL147
De Mobiliteitsmakelaar,,Prospect,de mobiliteitsmakelaar,PL148
Soudal,,Prospect,soudal,PL149
Investr,,Prospect,investr,PL150
Brouwerij Martens,,Prospect,brouwerij martens,PL151
Bleckmann,,Prospect,bleckmann,PL152
Besix Infra,,Prospect,besix infra,PL153
Vinci Energies Belgium,,Prospect,vinci energies belgium,PL154
In4Matic,,Prospect,in4matic,PL155
Smartmat / Foodbag,,Prospect,smartmat  foodbag,PL156
Stadsbader NV,,Prospect,stadsbader,PL157
Q8,,Prospect,q8,PL158
Logi-Technic,,Prospect,logitechnic,PL159
Arxus,,Klant,arxus,PL160
Amista,,Klant,amista,PL161
Baltimore Aircoil International,,Klant,baltimore aircoil international,PL162
Exellys,,Prospect,exellys,PL163
Eubelius,,Prospect,eubelius,PL164
Jobat,,Klant,jobat,PL165
Remant Transport Architects,,Klant,remant transport architects,PL166
Beko,,Prospect,beko,PL167
Turbulent,,Prospect,turbulent,PL168
BENTON,,Klant,benton,PL169
Cordeel Group,,Klant,cordeel,PL170
Adpo Group,,Prospect,adpo,PL171
Influo,,Prospect,influo,PL172
Futureproofed (Sweco),,Prospect,futureproofed sweco,PL173
Sander,,Prospect,sander,PL174
La Lorraine bakery group,,Prospect,la lorraine bakery,PL175
Attentia,,Prospect,attentia,PL176
Arvesta,,Prospect,arvesta,PL177
iCredit,,Prospect,icredit,PL178
Securex,,Prospect,securex,PL179
YAASS!,,Nieuwe klant,yaass,PL180
Beobank,,Prospect,beobank,PL181
Tenneco,,Prospect,tenneco,PL182
Lantis,,Prospect,lantis,PL183
UZ Brussel,,Prospect,uz brussel,PL184
Building Technology,,Prospect,building technology,PL185
AB Inbev,,Prospect,ab inbev,PL186
CTG Belgium,,Prospect,ctg belgium,PL187
PepsiCo,,Prospect,pepsico,PL188
The Chocolate Family,,Prospect,the chocolate family,PL189
Heylen Vastgoed,,Prospect,heylen vastgoed,PL190
Euroports Group BV,,Prospect,euroports,PL191
Uptime Group,,Prospect,uptime,PL192
OMP,,Prospect,omp,PL193
Biztory,,Prospect,biztory,PL194
Kono Consultants,,Prospect,kono consultants,PL195
IQVIA,,Prospect,iqvia,PL196
Seafrigo,,Prospect,seafrigo,PL197
Universiteit Antwerpen,,Prospect,universiteit antwerpen,PL198
Dachser,,Prospect,dachser,PL199
Stad Antwerpen,,Prospect,stad antwerpen,PL200
Bubka,,Prospect,bubka,PL201
Tereos,,Prospect,tereos,PL202
Blink Charging Belgium,,Prospect,blink charging belgium,PL203
Cartamundi North America,,Prospect,cartamundi north america,PL204
BTI,,Prospect,bti,PL205
Standaard Boekhandel,,Prospect,standaard boekhandel,PL206
MBS Group,,Prospect,mbs,PL207
Pluginvest,,Prospect,pluginvest,PL208
SGS Group,,Prospect,sgs,PL209
Kingsberry,,Prospect,kingsberry,PL210
Verhelst Groep,,Prospect,verhelst,PL211
Toreon,,Prospect,toreon,PL212
GIMV,,Prospect,gimv,PL213
DEME,,Prospect,deme,PL214
Farys,,Prospect,farys,PL215
Geo Square NV,,Prospect,geo square,PL216
Agidens Process Automation,,Prospect,agidens process automation,PL217
Emeria Benelux,,Prospect,emeria benelux,PL218
Skeyes,,Prospect,skeyes,PL219
Graphius Group,,Prospect,graphius,PL220
Revive,,Prospect,revive,PL221
Milcobel,,Prospect,milcobel,PL222
Beauty Inn BV,,Prospect,beauty inn,PL223
G4S Global,,Prospect,g4s global,PL224
TUI,,Prospect,tui,PL225
Belgische Federatie Filantropische Stichtingen,,Prospect,belgische federatie filantropische stichtingen,PL226
Bluu,,Prospect,bluu,PL227
Tosca,,Prospect,tosca,PL228
Meyvaert,,Prospect,meyvaert,PL229
Haerens Group,,Prospect,haerens,PL230
VeroTech,,Prospect,verotech,PL231
Jacques Ice,,Prospect,jacques ice,PL232
Rf-Technologies,,Prospect,rftechnologies,PL233
Clarebout potatoes NV,,Prospect,clarebout potatoes,PL234
Pidpa,,Prospect,pidpa,PL235
Agiliz NV,,Prospect,agiliz,PL236
Van Laere,,Prospect,van laere,PL237
Woonhaven Antwerpen,,Prospect,woonhaven antwerpen,PL238
Actoplus,,Prospect,actoplus,PL239
Axilium,,Prospect,axilium,PL240
Brouwerij Haacht,,Prospect,brouwerij haacht,PL241
Vlaamse Landmaatschappij,,Prospect,vlaamse landmaatschappij,PL242
Apojo Technologies,,Prospect,apojo technologies,PL243
P&V Panels ( en niet P&V Verzekeringen ),,Prospect,pv panels  en niet pv verzekeringen,PL244
Volvo Car (Gent),,Prospect,volvo car gent,PL245
Laco,,Prospect,laco,PL246
Matexi,,Prospect,matexi,PL247
SCE,,Prospect,sce,PL248
FlowTribe / Lawren.io / Accounton,,Prospect,flowtribe  lawrenio  accounton,PL249
In The Pocket,,Prospect,in the pocket,PL250
Baloise Insurance,,Prospect,baloise insurance,PL251
Microsoft,,Prospect,microsoft,PL252
BNP Paribas Fortis,,Prospect,bnp paribas fortis,PL253
Purna Pharmaceuticals,,Prospect,purna pharmaceuticals,PL254
Bigh,,Prospect,bigh,PL255
ASAP,,Prospect,asap,PL256
Selecta Belgium,,Prospect,selecta belgium,PL257
Vincotte,,Prospect,vincotte,PL258
Hooba,,Prospect,hooba,PL259
Nike,,Prospect,nike,PL260
Van Hoecke,,Prospect,van hoecke,PL261
Jaguar/LandRover,,Prospect,jaguarlandrover,PL262
Dexis Belgium,,Prospect,dexis belgium,PL263
Renewi,,Prospect,renewi,PL264
Guud Woman,,Prospect,guud woman,PL265
Bingli,,Prospect,bingli,PL266
Feops,,Prospect,feops,PL267
Funkey,,Prospect,funkey,PL268
Natura Mater,,Prospect,natura mater,PL269
Akzo Nobel,,Prospect,akzo nobel,PL270
Brunel,,Prospect,brunel,PL271
Zentrick / DoubleVerify,,Prospect,zentrick  doubleverify,PL272
Cheops,,Prospect,cheops,PL273
Tobania,,Prospect,tobania,PL274
Signature Foods,,Prospect,signature foods,PL275
IntelliProve,,Prospect,intelliprove,PL276
Awell Health,,Prospect,awell health,PL277
Humain,,Prospect,humain,PL278
DP World,,Prospect,dp world,PL279
Ravago,,Prospect,ravago,PL280
Rombouts,,Prospect,rombouts,PL281
Unifly,,Prospect,unifly,PL282
Klea - Legal Studio,,Prospect,klea  legal studio,PL283
Cairox Belgium,,Prospect,cairox belgium,PL284
Azteq,,Prospect,azteq,PL285
Arcadis,,Prospect,arcadis,PL286
Safran Aircraft Engine Service,,Prospect,safran aircraft engine service,PL287
AirShaper,,Prospect,airshaper,PL288
Beeodiversity,,Prospect,beeodiversity,PL289
D-CRBN,,Prospect,dcrbn,PL290
Bank Delen,,Prospect,bank delen,PL291
Antea Group,,Prospect,antea,PL292
Bimona,,Prospect,bimona,PL293
Jumbo Supermarkten,,Prospect,jumbo supermarkten,PL294
Eurofins,,Prospect,eurofins,PL295
Picanol,,Prospect,picanol,PL296
MLOZ,,Prospect,mloz,PL297
Biotalys,,Prospect,biotalys,PL298
Precirix,,Prospect,precirix,PL299
Nobi,,Prospect,nobi,PL300
Upgrade Estate,,Prospect,upgrade estate,PL301
Beeple,,Prospect,beeple,PL302
9altitudes,,Prospect,9altitudes,PL303
Stream Software,,Prospect,stream software,PL304
Metamaze,,Prospect,metamaze,PL305
Sepctricity,,Prospect,sepctricity,PL306
Silverfin,,Prospect,silverfin,PL307
Thynk.Cloud,,Prospect,thynkcloud,PL308
Skysun,,Prospect,skysun,PL309
Alphabet Belgium,,Prospect,alphabet belgium,PL310
Aquafin,,Prospect,aquafin,PL311
Avanade Belgium BVBA (Gent),,Prospect,avanade belgium bvba gent,PL312
Bilfinger,,Prospect,bilfinger,PL313
Brouwerij Alken Maes,,Prospect,brouwerij alken maes,PL314
Capgemini,,Prospect,capgemini,PL315
Delaware,,Prospect,delaware,PL316
Distrilog,,Prospect,distrilog,PL317
Euronav,,Prospect,euronav,PL318
Haribo,,Prospect,haribo,PL319
Hilti,,Prospect,hilti,PL320
Honda Motor Europe Logistics (Gent),,Prospect,honda motor europe logistics gent,PL321
Odoo,,Prospect,odoo,PL322
Phished,,Prospect,phished,PL323
Carbon-Alt-Delete,,Prospect,carbonaltdelete,PL324
Digital Realty,,Prospect,digital realty,PL325
The Shift,,Prospect,the shift,PL326
Fluxys,,Prospect,fluxys,PL327
Redwire Space,,Prospect,redwire space,PL328
G4S Care NV,,Prospect,g4s care,PL329
MUFG Bank,,Prospect,mufg bank,PL330
Terumo Europe,,Prospect,terumo europe,PL331
Digipolis,,Prospect,digipolis,PL332
BNP Paribas Leasing Solutions,,Prospect,bnp paribas leasing solutions,PL333
Umicore,,Prospect,umicore,PL334
Eriks,,Prospect,eriks,PL335
Qover,,Prospect,qover,PL336
3E,,Prospect,3e,PL337
Poppy,,Prospect,poppy,PL338
Lizy,,Prospect,lizy,PL339
Sentiance,,Prospect,sentiance,PL340
Bank DeGroof,,Prospect,bank degroof,PL341
Kone Liften Belgium,,Prospect,kone liften belgium,PL342
Ethias,,Prospect,ethias,PL343
VGD,,Prospect,vgd,PL344
Goodman,,Prospect,goodman,PL345
Gosselin,,Prospect,gosselin,PL346
Classified Cycling,,Prospect,classified cycling,PL347
Gabari,,Prospect,gabari,PL348
Equans,,Prospect,equans,PL349
P&G,,Prospect,pg,PL350
Co2Logic,,Prospect,co2logic,PL351
Loop Earplugs,,Prospect,loop earplugs,PL352
Octave Energy,,Prospect,octave energy,PL353
Azelis,,Prospect,azelis,PL354
D-carbonize,,Prospect,dcarbonize,PL355
FrieslandCampina,,Prospect,frieslandcampina,PL356
ST Engineering iDirect,,Prospect,st engineering idirect,PL357
Proximus SpearIT,,Prospect,proximus spearit,PL358
Acerta,,Prospect,acerta,PL359
Arseus Medical Group,,Prospect,arseus medical,PL360
Elia Group,,Prospect,elia,PL361
Kelloggs,,Prospect,kelloggs,PL362
ING,,Prospect,ing,PL363
Johnson&Johnson,,Prospect,johnsonjohnson,PL364
Total Energies,,Prospect,total energies,PL365
Live Light,,Prospect,live light,PL366
Freddy met Curry,,Prospect,freddy met curry,PL367
EconCore,,Prospect,econcore,PL368
Usitoo,,Prospect,usitoo,PL369
Bosaq,,Prospect,bosaq,PL370
We are Impact Collective,,Prospect,we are impact collective,PL371
Collibra,,Prospect,collibra,PL372
Showpad,,Prospect,showpad,PL373
Guardsquare,,Prospect,guardsquare,PL374
Datacamp,,Prospect,datacamp,PL375
Deliverect,,Prospect,deliverect,PL376
WeGroup,,Prospect,wegroup,PL377
Alcon,,Prospect,alcon,PL378
DHL,,Prospect,dhl,PL379
Imtech,,Prospect,imtech,PL380
KBC,,Prospect,kbc,PL381
Marsh,,Prospect,marsh,PL382
Rentokil Initial,,Prospect,rentokil initial,PL383
Aion Bank,,Prospect,aion bank,PL384
C&A,,Prospect,ca,PL385
Samsung,,Prospect,samsung,PL386
Unizo,,Prospect,unizo,PL387
Willemen,,Prospect,willemen,PL388
Xerius,,Prospect,xerius,PL389
Zorgbedrijf Antwerpen,,Prospect,zorgbedrijf antwerpen,PL390
Creadomus,,Prospect,creadomus,PL391
Dematic,,Prospect,dematic,PL392
Diversey,,Prospect,diversey,PL393
Konato,,Prospect,konato,PL394
Meat&more,,Prospect,meatmore,PL395
Nipro,,Prospect,nipro,PL396
NMBS,,Prospect,nmbs,PL397
Rituals,,Prospect,rituals,PL398
UPS,,Prospect,ups,PL399
CWS Belux,,Prospect,cws belux,PL400
Vanbreda Risk & Benefits,,Klant,vanbreda risk  benefits,PL401
Credix,,Prospect,credix,PL402
SweepBright,,Prospect,sweepbright,PL403
Vooruitzicht,,Prospect,vooruitzicht,PL404
Greenomy,,Prospect,greenomy,PL405
KPLER Holding,,Prospect,kpler,PL406
Solix Search,,Nieuwe klant,solix search,PL407
Teamleader,,Prospect,teamleader,PL408
Alpro - (Vlg mij deel van Danone ),,Prospect,alpro  vlg mij deel van danone,PL409
Water Link,,Prospect,water link,PL410
Vivium,,Prospect,vivium,PL411
VAB,,Prospect,vab,PL412
Facilicom,,Prospect,facilicom,PL413
IMPACT,,Prospect,impact,PL414
Brand Quadergy,,Prospect,brand quadergy,PL415
Unilin,,Klant,unilin,PL416
AZ Herentals,,Prospect,az herentals,PL417
Mood.Management,,Prospect,moodmanagement,PL418
Mylan EPD BV,,Prospect,mylan epd,PL419
Novartis,,Prospect,novartis,PL420
Om Collective,,Prospect,om collective,PL421
Option Media,,Prospect,option media,PL422
PATROBA Family Bakers NV,,Prospect,patroba family bakers,PL423
Pauwels N.V,,Prospect,pauwels,PL424
Recruitment Architects,,Prospect,recruitment architects,PL425
Resengo,,Prospect,resengo,PL426
Resilient Business BV,,Prospect,resilient business,PL427
SD Worx,,Prospect,sd worx,PL428
Sea Tank Terminal,,Prospect,sea tank terminal,PL429
Smart Presentations,,Prospect,smart presentations,PL430
Smartwithfood,,Prospect,smartwithfood,PL431
Jackon Insulation by BEWI,,,jackon insulation by bewi,PL432
Smulders,,,smulders,PL433
Xplore Group,,,xplore,PL434
Sodibe,,,sodibe,PL435
Sunweb,,,sunweb,PL436
Sthree,,,sthree,PL437
DELA België,,,dela belgi,PL438
Tom&Co,,,tomco,PL439
GZA Ziekenhuzien,,,gza ziekenhuzien,PL440
Dragintra,,,dragintra,PL441
Headit,,,headit,PL442
Companions,,,companions,PL443
Nespresso/Nestle,,,nespressonestle,PL444
ZEB (Fashion Society),,,zeb fashion society,PL445
Colruyt Group,,,colruyt,PL446
AB inbev,,,ab inbev,PL447
Bridgestone Europe,,,bridgestone europe,PL448
Aurubis Olen,,,aurubis olen,PL449
Carrefour Belgium,,,carrefour belgium,PL450
Proximus,,,proximus,PL451
Barry Callebaut Belgium,,,barry callebaut belgium,PL452
Allianz Benelux,,,allianz benelux,PL453
KBC Verzekeringen,,,kbc verzekeringen,PL454
Kuwait Petroleum (Belgium),,,kuwait petroleum belgium,PL455
Atlas Copco Airpower,,,atlas copco airpower,PL456
ING België,,,ing belgi,PL457
Telenet (dubbel - zie cx),,,telenet dubbel  zie cx,PL458
TD SYNNEX Belgium,,,td synnex belgium,PL459
Mercedes-Benz Belgium Luxembourg,,,mercedesbenz belgium luxembourg,PL460
Komatsu Europe Internat.,,,komatsu europe internat,PL461
P & V Verzekeringen,,,p  v verzekeringen,PL462
Chevron Phillips Chemicals,,,chevron phillips chemicals,PL463
Eneco Belgium,,,eneco belgium,PL464
Estée Lauder,,,este lauder,PL465
SJM Coordination Center (nu Abott),,,sjm coordination center nu abott,PL466
Nationale Loterij,,,nationale loterij,PL467
Elia Transmission Belgium,,,elia transmission belgium,PL468
Ontex,,,ontex,PL469
DAF Trucks België,,,daf trucks belgi,PL470
Levi Strauss & Co Europe,,,levi strauss  co europe,PL471
Jan De Nul,,,jan de nul,PL472
Envalior,,,envalior,PL473
BICS,,,bics,PL474
Action Belgium,,,action belgium,PL475
Inter Partner Assistance,,,inter partner assistance,PL476
TotalEnergies Refinery Antwerp,,,totalenergies refinery antwerp,PL477
Kuehne + Nagel,,,kuehne  nagel,PL478
Fabricom,,,fabricom,PL479
Fluxys Belgium,,,fluxys belgium,PL480
UPS Europe,,,ups europe,PL481
EuroChem Antwerpen,,,eurochem antwerpen,PL482
DHL Global Forwarding,,,dhl global forwarding,PL483
TalentBay,,,talentbay,PL484
IMEC,,,imec,PL485
Aluminium Duffel,,,aluminium duffel,PL486
Cepa,,,cepa,PL487
The Bank of New York Mellon,,,the bank of new york mellon,PL488
De Watergroep,,,de watergroep,PL489
DKV Belgium,,,dkv belgium,PL490
"Aquafin (dubbel ACS ok, andere CP)",,,aquafin dubbel acs ok andere cp,PL491
Argenta Spaarbank,,,argenta spaarbank,PL492
JD Sports Fashion Belgium,,,jd sports fashion belgium,PL493
Worldline,,,worldline,PL494
Athora Belgium,,,athora belgium,PL495
BelOrta,,,belorta,PL496
Janssen-Cilag,,,janssencilag,PL497
Ets. L. Lacroix Fils,,,ets l lacroix fils,PL498
Van Hool,,,van hool,PL499
Alpha Credit,,,alpha credit,PL500
Albert Heijn België,,,albert heijn belgi,PL501
FWO,,,fwo,PL502
Hubo België,,,hubo belgi,PL503
Lubrizol Advanced Materials Europe,,,lubrizol advanced materials europe,PL504
KBC Groep,,,kbc,PL505
Agfa,,,agfa,PL506
Smals,,,smals,PL507
GB Foods Belgium,,,gb foods belgium,PL508
Krëfel,,,krfel,PL509
Agfa-Gevaert,,,agfagevaert,PL510
Nestlé Belgilux,,,nestl belgilux,PL511
Schenker,,,schenker,PL512
LeasePlan,,,leaseplan,PL513
NTT Belgium,,,ntt belgium,PL514
Kaneka Belgium,,,kaneka belgium,PL515
DSV Air & Sea,,,dsv air  sea,PL516
Siemens Healthcare,,,siemens healthcare,PL517
Inditex Belgique,,,inditex belgique,PL518
DHL International,,,dhl international,PL519
United Parcel Service Belgium,,,united parcel service belgium,PL520
SAP Belgium,,,sap belgium,PL521
Gyproc / Isover,,,gyproc  isover,PL522
VPK Packaging,,,vpk packaging,PL523
PPG Coatings Belgium,,,ppg coatings belgium,PL524
Duvel Moortgat,,,duvel moortgat,PL525
Essity Belgium,,,essity belgium,PL526
Desco,,,desco,PL527
DEME Offshore BE,,,deme offshore be,PL528
Yara Belgium,,,yara belgium,PL529
3M Belgium,,,3m belgium,PL530
Danone Rotselaar SP,,,danone rotselaar,PL531
Ysco,,,ysco,PL532
Eviden Belgium,,,eviden belgium,PL533
Securitas,,,securitas,PL534
H & M Hennes & Mauritz,,,h  m hennes  mauritz,PL535
ISS Facility Services,,,iss facility services,PL536
Henkel Belgium,,,henkel belgium,PL537
C&A België,,,ca belgi,PL538
Sodexo Belgium,,,sodexo belgium,PL539
Mars Belgium,,,mars belgium,PL540
Aon Belgium,,,aon belgium,PL541
Tata Consultancy Services Belgium,,,tata consultancy services belgium,PL542
Ineos Styrolution Belgium,,,ineos styrolution belgium,PL543
General Services Antwerp,,,general services antwerp,PL544
Hewlett Packard Enterprise Belgium,,,hewlett packard enterprise belgium,PL545
Pauwels,,,pauwels,PL546
Pharma Logistics,,,pharma logistics,PL547
Sligro Food Group Belgium,,,sligro food  belgium,PL548
Indaver,,,indaver,PL549
AS Adventure,,,as adventure,PL550
C&A Buying,,,ca buying,PL551
Sanofi Belgium,,,sanofi belgium,PL552
Asco Industries,,,asco industries,PL553
Servauto Belgium,,,servauto belgium,PL554
DHL Aviation,,,dhl aviation,PL555
Alcon-Couvreur,,,alconcouvreur,PL556
FedEx Express BE,,,fedex express be,PL557
FEDERALE ASSURANCE,,,federale assurance,PL558
Sweco Belgium,,,sweco belgium,PL559
Greenyard Fresh Belgium,,,greenyard fresh belgium,PL560
Zeeman Textiel Supers,,,zeeman textiel supers,PL561
Apok,,,apok,PL562
Nokia Bell,,,nokia bell,PL563
Scania BeNeLux,,,scania benelux,PL564
Air Products,,,air products,PL565
Recticel,,,recticel,PL566
Signify Belgium,,,signify belgium,PL567
Becton Dickinson Distribution Cent.,,,becton dickinson distribution cent,PL568
STG,,,,PL569
Stadsbader Contractors,,,stadsbader contractors,PL570
Sarens,,,sarens,PL571
Veolia,,,veolia,PL572
ABB,,,abb,PL573
TUI Belgium Retail,,,tui belgium retail,PL574
bpost bank,,,bpost bank,PL575
Tuc Rail,,,tuc rail,PL576
Verbraeken Infra,,,verbraeken infra,PL577
PPD Global Central Labs,,,ppd global central labs,PL578
Livlina,,,livlina,PL579
Casa International,,,casa international,PL580
Ineos Manufacturing Belgium,,,ineos manufacturing belgium,PL581
Artes Roegiers,,,artes roegiers,PL582
Nippon Gases Belgium,,,nippon gases belgium,PL583
Continental Automotive Benelux,,,continental automotive benelux,PL584
Caterpillar Distribution Services,,,caterpillar distribution services,PL585
Goed Farma,,,goed farma,PL586
Henco Industries,,,henco industries,PL587
Jumbo België,,,jumbo belgi,PL588
Niko,,,niko,PL589
Arlanxeo Belgium,,,arlanxeo belgium,PL590
Cleaning Masters,,,cleaning masters,PL591
Colas Belgium,,,colas belgium,PL592
Akzo Nobel Paints Belgium,,,akzo nobel paints belgium,PL593
Soprema,,,soprema,PL594
Trixolutions,,,trixolutions,PL595
BAM Interbuild,,,bam interbuild,PL596
Ordina Belgium,,,ordina belgium,PL597
Altrad Services,,,altrad services,PL598
DSV Road,,,dsv road,PL599
Eriks Belgium,,,eriks belgium,PL600
Cisco Systems Belgium,,,cisco systems belgium,PL601
Grand Opticiens Belgium,,,grand opticiens belgium,PL602
Toyota Material Handling Belgium,,,toyota material handling belgium,PL603
Etex Building Performance,,,etex building performance,PL604
Ericsson,,,ericsson,PL605
Veolia Environmental Services Belux,,,veolia environmental services belux,PL606
Gom,,,gom,PL607
Viabuild,,,viabuild,PL608
Prothya Biosolutions Belgium,,,prothya biosolutions belgium,PL609
Canon Belgium,,,canon belgium,PL610
DHL Supply Chain Belgium,,,dhl supply chain belgium,PL611
DEME Environmental,,,deme environmental,PL612
Arcadis Belgium,,,arcadis belgium,PL613
Biscuiterie Thijs,,,biscuiterie thijs,PL614
Wolters Kluwer Belgium,,,wolters kluwer belgium,PL615
OMP,,,omp,PL616
Prefaco,,,prefaco,PL617
Natra Malle,,,natra malle,PL618
CBRE GWS Belgium,,,cbre gws belgium,PL619
Strabag Belgium,,,strabag belgium,PL620
Safran Aircraft Engine Services,,,safran aircraft engine services,PL621
Van Moer Rail,,,van moer rail,PL622
Umami Catering,,,umami catering,PL623
Wimble Manufacturing Belgium,,,wimble manufacturing belgium,PL624
MBG,,,mbg,PL625
Iris Facility Solutions,,,iris facility solutions,PL626
Bank Nagelmackers,,,bank nagelmackers,PL627
Agfa HealthCare,,,agfa healthcare,PL628
Griffith Foods,,,griffith foods,PL629
DHL eCommerce (Belgium),,,dhl ecommerce belgium,PL630
Herbosch-Kiere,,,herboschkiere,PL631
Rituals Cosmetics Belgium,,,rituals cosmetics belgium,PL632
Sabena Aerospace Engineering,,,sabena aerospace engineering,PL633
Confiserie Leonidas,,,confiserie leonidas,PL634
Cigna International Health Services,,,cigna international health services,PL635
VF Europe,,,vf europe,PL636
Sonova Retail Belgium,,,sonova retail belgium,PL637
Krinkels,,,krinkels,PL638
Plus Home Services,,,plus home services,PL639
Honeywell,,,honeywell,PL640
W.H. Brady,,,wh brady,PL641
Goed Hulpmiddelen,,,goed hulpmiddelen,PL642
Unit-T,,,unitt,PL643
Bilfinger Industrial Services,,,bilfinger industrial services,PL644
Tarkett,,,tarkett,PL645
ST Engineering iDirect (Europe) CY,,,st engineering idirect europe cy,PL646
SERIS Security,,,seris security,PL647
Mourik,,,mourik,PL648
Pluxee Belgium,,,pluxee belgium,PL649
Ergon,,,ergon,PL650
Worley België,,,worley belgi,PL651
Mediafin,,,mediafin,PL652
Motrac,,,motrac,PL653
Lunch Garden,,,lunch garden,PL654
Telenet Retail,,,telenet retail,PL655
Duracell Batteries,,,duracell batteries,PL656
Het Agentschap,,,het agentschap,PL657
Procter & Gamble Manufacturing,,,procter  gamble manufacturing,PL658
Cas-Vos,,,casvos,PL659
Peeters OIW,,,peeters oiw,PL660
Biobest Group,,,biobest,PL661
Leen Bakker België,,,leen bakker belgi,PL662
Orange Cyberdefense Belgium,,,orange cyberdefense belgium,PL663
Up Time Groep,,,up time,PL664
Liantis EDPB,,,liantis edpb,PL665
Carpenter Engineered Foams Belgium,,,carpenter engineered foams belgium,PL666
Cohezio,,,cohezio,PL667
Devoteam,,,devoteam,PL668
PVH BRANDS BELGIUM,,,pvh brands belgium,PL669
KMDA,,,kmda,PL670
Dela Funerals Assistance 1,,,dela funerals assistance 1,PL671
Fiducre,,,fiducre,PL672
"KPMG Tax, Legal & Accountancy",,,kpmg tax legal  accountancy,PL673
Arvesta,,,arvesta,PL674
Vinçotte,,,vinotte,PL675
VINCI Facilities,,,vinci facilities,PL676
Konica Minolta Business Solutions,,,konica minolta business solutions,PL677
Belgian Icecream Group,,,belgian icecream,PL678
Hunkemöller Belgium,,,hunkemller belgium,PL679
Colfridis Logistics,,,colfridis logistics,PL680
AXI,,,axi,PL681
Swissport Cargo Services Belgium,,,swissport cargo services belgium,PL682
Verwater Tank & Industrial Services,,,verwater tank  industrial services,PL683
A.M.L.,,,aml,PL684
Brink's Solutions Belgium,,,brinks solutions belgium,PL685
CWS Hygiene België,,,cws hygiene belgi,PL686
Econocom Managed Services,,,econocom managed services,PL687
Burger Brands Belgium,,,burger brands belgium,PL688
Bilfinger ROB,,,bilfinger rob,PL689
Autoveiligheid,,,autoveiligheid,PL690
Computer Task Group Belgium,,,computer task  belgium,PL691
Cellcarta,,,cellcarta,PL692
Moore Finance & Tax,,,moore finance  tax,PL693
Axxes,,,axxes,PL694
Upthrust,,,upthrust,PL695
Jette Clean,,,jette clean,PL696
Biocartis,,,biocartis,PL697
CWS Workwear België,,,cws workwear belgi,PL698
Mobility Masters,,,mobility masters,PL699
Care,,,care,PL700
Otis,,,otis,PL701
Kela,,,kela,PL702
Dienstenbedrijf Easy Life,,,dienstenbedrijf easy life,PL703
Cheops Technology,,,cheops technology,PL704
Kaefer België,,,kaefer belgi,PL705
Hansen Industrial Transmissions,,,hansen industrial transmissions,PL706
Jan De Nul-Dredging,,,jan de nuldredging,PL707
Köse Cleaning,,,kse cleaning,PL708
ON Semiconductor Technology,,,on semiconductor technology,PL709
Pizza Belgium,,,pizza belgium,PL710
GXO Logistics Belgium,,,gxo logistics belgium,PL711
Instituut v. Tropische Geneeskunde,,,instituut v tropische geneeskunde,PL712
Logistics Kontich,,,logistics kontich,PL713
Hennes & Mauritz Logistics GBC,,,hennes  mauritz logistics gbc,PL714
MSC Shipping,,,msc shipping,PL715
Wibra België,,,wibra belgi,PL716
Iris Industry Solutions,,,iris industry solutions,PL717
Massimo Dutti Belux,,,massimo dutti belux,PL718
Greenyard Logistics Belgium,,,greenyard logistics belgium,PL719
Normec BTV,,,normec btv,PL720
Het GielsBos,,,het gielsbos,PL721
Protime,,,protime,PL722
CESI-Preventie & Bescherming,,,cesipreventie  bescherming,PL723
VGD Accountants en Belastingconsul.,,,vgd accountants en belastingconsul,PL724
ORANGE BUSINESS DIGITAL BELGIUM,,,orange business digital belgium,PL725
Borgerstein,,,borgerstein,PL726
USG Professionals,,,usg professionals,PL727
Verisure Security,,,verisure security,PL728
Trafuco,,,trafuco,PL729
24+,,,24,PL730
Crefius,,,crefius,PL731
Tupperware Belgium,,,tupperware belgium,PL732
Rob,,,rob,PL733
Infano,,,infano,PL734
Vlaanderen connect.,,,vlaanderen connect,PL735
Antea Belgium,,,antea belgium,PL736
Heder,,,heder,PL737
Exki,,,exki,PL738
ID Logistics Belgium,,,id logistics belgium,PL739
Securitas Transport Aviation Secur.,,,securitas transport aviation secur,PL740
Transnubel,,,transnubel,PL741
TMC Science & Technology,,,tmc science  technology,PL742
Nektari,,,nektari,PL743
Solutions 30 Field Services,,,solutions 30 field services,PL744
Natuurpunt Beheer,,,natuurpunt beheer,PL745
Wase Werkplaats VZW,,,wase werkplaats,PL746
DXC Field Delivery Belgium,,,dxc field delivery belgium,PL747
Start People België,,,start people belgi,PL748
Van Moer Distribution,,,van moer distribution,PL749
Takeaway.com Express Belgium,,,takeawaycom express belgium,PL750
Mivas,,,mivas,PL751
Ancco Dienstencheques,,,ancco dienstencheques,PL752
Dienstenthuis,,,dienstenthuis,PL753
Felies,,,felies,PL754
CMA CGM Belgium,,,cma cgm belgium,PL755
Bikhh,,,bikhh,PL756
ARHS Developments Belgium,,,arhs developments belgium,PL757
Ferm Huishoudhulp,,,ferm huishoudhulp,PL758
Multifunctioneel centrum De Hagewinde,,,multifunctioneel centrum de hagewinde,PL759
UZA,,,uza,PL760
Imperial Logistics International B.V. & Co. KG,,,imperial logistics international bv  co,PL761
Hamilton Bright Belgium,,,hamilton bright belgium,PL762
Emiliani VZW,,,emiliani,PL763
De Brug Maatwerkbedrijf,,,de brug maatwerkbedrijf,PL764
Loomis Belgium,,,loomis belgium,PL765
Trigion,,,trigion,PL766
Vivaldis Interim,,,vivaldis interim,PL767
PrimaHome,,,primahome,PL768
Vlinvesta NV,,,vlinvesta,PL769
de Comafin Group B.V.,,,de comafin,PL770
A.C.G.,,,acg,PL771
Impact Sales & Marketing Belux,,,impact sales  marketing belux,PL772
Pegode VZW,,,pegode,PL773
Maatwerkbedrijf B.W.Bouchout,,,maatwerkbedrijf bwbouchout,PL774
Arop VZW,,,arop,PL775
Bayer Agriculture,,,bayer agriculture,PL776
Aralea,,,aralea,PL777
Brightnet,,,brightnet,PL778
Le Comptoir Bruxellois,,,le comptoir bruxellois,PL779
CONTENTI,,,contenti,PL780
Dilito Europe BVBA,,,dilito europe,PL781
Aronia Digital Twin Group,,,aronia digital twin,PL782
Van Osta Home Service,,,van osta home service,PL783
Kaliber Interactive,,,kaliber interactive,PL784
FACOS VZW,,,facos,PL785
I.C.T.S. Europe,,,icts europe,PL786
Hasinto,,,hasinto,PL787
Aaxe-T.S.,,,aaxets,PL788
Whitewood,,,whitewood,PL789
Fenix Services,,,fenix services,PL790
Dnix,,,dnix,PL791
Comforthome,,,comforthome,PL792
ArcelorMittal Belgium,,,arcelormittal belgium,PL793
KBC Bank,,,kbc bank,PL794
Luminus,,,luminus,PL795
Versele-Laga,,,verselelaga,PL796
La Lorraine Bakery Group NV,,,la lorraine bakery,PL797
Parte,,,parte,PL798
Eutraco,,,eutraco,PL799
ENITEQ Engineering,,,eniteq engineering,PL800
Mint Tandartsen,,,mint tandartsen,PL801
KOCA VZW,,,koca,PL802
Poppies bakeries,,,poppies bakeries,PL803
VML,,,vml,PL804
Coca-Cola,,,cocacola,PL805
Xtra Works,,,xtra works,PL806
Reca Belux,,,reca belux,PL807
Anthony Cranes,,,anthony cranes,PL808
Grizzly Marketing,,,grizzly marketing,PL809
On IT BV,,,on it,PL810
Coolblue,,,coolblue,PL811
Vanheede Environmental Group,,,vanheede environmental,PL812
digi ,,,digi,PL813
Unmute- You,,,unmute you,PL814
Vialto Partners,,,vialto partners,PL815
Ufinity,,,ufinity,PL816
Gudrun,,,gudrun,PL817
Cummins,,,cummins,PL818
Tabaknatie,,,tabaknatie,PL819
The Harbour,,,the harbour,PL820
Mondelez International,,,mondelez international,PL821
Ecopower ,,,ecopower,PL822
Ajinomoto Omnichem ,,,ajinomoto omnichem,PL823
Dynapps,,,dynapps,PL824
Brepols ,,,brepols,PL825
Landmeterskantoor Van Eester,,,landmeterskantoor van eester,PL826
Welzijnszorg Kempen,,,welzijnszorg kempen,PL827
DC Dredging,,,dc dredging,PL828
Hansea,,,hansea,PL829
The Foodmaker,,,the foodmaker,PL830
Antenno,,,antenno,PL831
BDO,,,bdo,PL832
Tormans Group,,,tormans,PL833
Credon,,,credon,PL834
Allen & Overy,,,allen  overy,PL835
Plainsight,,,plainsight,PL836
Mobix,,,mobix,PL837
Bpost,,,bpost,PL838
Mediahuis,,,mediahuis,PL839
Farm Frites,,,farm frites,PL840
Bennet & Boss,,,bennet  boss,PL841
Agfa Gevaert,,,agfa gevaert,PL842
KA Contsruct,,,ka contsruct,PL843
Jeco Energies,,,jeco energies,PL844
Salesdrivers,,,salesdrivers,PL845
Hitachi Energy,,,hitachi energy,PL846
VITO,,,vito,PL847
SCK CEN,,,sck cen,PL848
Inovet,,,inovet,PL849
Sika Group,,,sika,PL850
Buildr,,,buildr,PL851
Loyens & Loeff,,,loyens  loeff,PL852
Mc Cain,,,mc cain,PL853
Aertssen,,,aertssen,PL854
Verpoucke,,,verpoucke,PL855
Banijay Belgium,,,banijay belgium,PL856
Greenyard Frozen Belgium,,,greenyard frozen belgium,PL857
Orfit,,,orfit,PL858
Ahlers,,,ahlers,PL859
AG Solution,,,ag solution,PL860
Ici Paris XL,,,ici paris xl,PL861
Enersee,,,enersee,PL862
